{"cameraMode":{"drawMode":0,"name":"Shaded","section":"Shading Mode"},"sceneLighting":true,"audioPlay":false,"sceneViewState":{"showFog":false,"showMaterialUpdate":true,"showSkybox":false,"showFlares":true,"showImageEffects":true,"showParticleSystems":true},"in2DMode":false,"pivot":{"x":739.8240356445313,"y":140.54644775390626,"z":1939.129638671875},"rotation":{"x":-0.09762414544820786,"y":0.024477103725075723,"z":-0.0024018387775868179,"w":-0.9949191808700562},"size":1829.873046875,"orthographic":false}